insert into public.cities (slug, name)
values ('dubai', 'Dubai'),
       ('sharjah', 'Sharjah'),
       ('abu_dhabi', 'Abu Dhabi'),
       ('ras_al_khaimah', 'Ras Al-Khaimah');

insert into public.districts (slug, city_slug, name)
values ('d.business-bay', 'dubai', 'Business Bay'),
       ('d.bu-kadra', 'dubai', 'Bu Kadra'),
       ('d.world-central', 'dubai', 'Dubai World Central'),
       ('d.al-habtoor-city', 'dubai', 'Al Habtoor City'),
       ('d.arjan', 'dubai', 'Arjan'),
       ('d.meydan-city', 'dubai', 'Meydan City'),
       ('d.creek-harbour', 'dubai', 'Dubai Creek Harbour'),
       ('d.jvc', 'dubai', 'Jumeirah Village Circle (JVC)'),
       ('d.arabian-ranches-3', 'dubai', 'Arabian Ranches 3'),
       ('d.mbr-city', 'dubai', 'Mohammed Bin Rashid City'),
       ('d.emaar-beachfront', 'dubai', 'Emaar Beachfront'),
       ('d.palm-jumeirah', 'dubai', 'Palm Jumeirah'),
       ('d.water-canal', 'dubai', 'Dubai Water Canal'),
       ('d.jlt', 'dubai', 'Jumeirah Lake Towers (JLT)'),
       ('d.al-hebiah-3', 'dubai', 'Al Hebiah 3'),
       ('d.al-jadaf', 'dubai', 'Al Jadaf'),
       ('d.dubailand', 'dubai', 'Dubailand'),
       ('d.studio-city', 'dubai', 'Dubai Studio City'),
       ('d.wadi-al-safa-5', 'dubai', 'Wadi Al Safa 5'),
       ('d.city-of-arabia', 'dubai', 'City of Arabia'),
       ('d.creekside', 'dubai', 'Creekside'),
       ('d.al-furjan', 'dubai', 'Al Furjan'),
       ('d.jumeirah-golf-estates', 'dubai', 'Jumeirah Golf Estates'),
       ('d.al-sufouh', 'dubai', 'Al Sufouh'),
       ('d.silicon-oasis', 'dubai', 'Dubai Silicon Oasis'),
       ('d.sports-city', 'dubai', 'Dubai Sports City'),
       ('d.jvt', 'dubai', 'Jumeirah Village Triangle (JVT)'),
       ('d.marina', 'dubai', 'Dubai Marina'),
       ('d.damac-hills-2', 'dubai', 'Damac Hills 2'),
       ('d.damac-hills', 'dubai', 'Damac Hills '),
       ('d.la-mer', 'dubai', 'La Mer'),
       ('d.harbour', 'dubai', 'Dubai Harbour'),
       ('d.hills', 'dubai', 'Dubai Hills'),
       ('d.tital-al-ghaf', 'dubai', 'Tital Al Ghaf'),
       ('d.downtown', 'dubai', 'Downtown Dubai'),
       ('d.za-abeel-1', 'dubai', 'Za''abeel 1'),
       ('d.expo-city', 'dubai', 'Expo City Dubai'),
       ('d.desugn-district', 'dubai', 'Dubai Desugn District'),
       ('d.barsha-south', 'dubai', 'Barsha South'),
       ('d.al-warsan', 'dubai', 'Al Warsan'),
       ('sh.aljada', 'sharjah', 'Aljada Sharjah'),
       ('sh.sharjah', 'sharjah', 'Sharjah'),
       ('a.abu-dhabi', 'abu_dhabi', 'Abu Dhabi'),
       ('a.saadiyat-island', 'abu_dhabi', 'Saadiyat Island'),
       ('a.yas-island', 'abu_dhabi', 'Yas Island'),
       ('rak.mina-al-arab', 'ras_al_khaimah', 'Mina Al Arab'),
       ('rak.al-marjan-island', 'ras_al_khaimah', 'Al Marjan Island'),
       ('d.ras-al-khor', 'dubai', 'Ras Al Khor'),
       ('d.town-square', 'dubai', 'Town Square'),
       ('d.nad-al-sheba', 'dubai', 'Nad Al Sheba'),
       ('d.islands', 'dubai', 'Dubai Islands'),
       ('d.emaar-south', 'dubai', 'Emaar South'),
       ('d.al-sufouh-1', 'dubai', 'Al Sufouh 1'),
       ('d.al-sufouh-2', 'dubai', 'Al Sufouh 2'),
       ('d.production-city', 'dubai', 'Dubai Production City'),
       ('d.investment-park', 'dubai', 'Dubai Investment Park');

insert into public.developers (slug, name, url)
values ('laya', 'LAYA Developers', 'https://layadevelopers.com'),
       ('damac', 'DAMAC', 'https://www.damacproperties.com'),
       ('binghatti', 'Binghatti', 'https://www.binghatti.com'),
       ('azizi', 'AZIZI', 'https://azizidevelopments.com'),
       ('q-properties', 'Q Properties', 'https://qproperties.com'),
       ('ellington', 'Ellington Properties', 'https://ellington-properties.com'),
       ('sobha', 'Sobha Realty', 'https://www.sobharealty.com'),
       ('emaar', 'Emaar', 'https://www.emaar.com'),
       ('meraas', 'Meraas', 'https://www.meraas.com'),
       ('danube', 'Danube Properties', 'https://danubeproperties.ae'),
       ('aldar', 'Aldar Properties', 'https://www.aldar.com'),
       ('tiger', 'Tiger Group', 'https://www.tigergroup.ae'),
       ('select', 'Select Group', 'https://select-group.ae'),
       ('nakheel', 'Nakheel PJSC', 'https://www.nakheel.com'),
       ('mag', 'MAG LD', 'https://mag.global'),
       ('al-habtoor', 'Al Habtoor Group', 'https://www.habtoor.com/en/'),
       ('vincitore', 'Vincitore', 'https://vincitorerealty.com'),
       ('marquis', 'Marquis', 'https://www.marquispoint.com'),
       ('arada', 'Arada', 'https://www.arada.com/en/#'),
       ('pantheon', 'Pantheon', 'https://www.pered.ae'),
       ('octa', 'OCTA Properties', 'https://www.octaproperties.com'),
       ('the luxe', 'The Luxe ', 'https://www.theluxedevelopers.ae'),
       ('samana ', 'Samana', 'https://www.samanadevelopers.com'),
       ('imtiaz', 'Imtiaz Development', 'https://www.imtiazdevelopments.com'),
       ('ahs', 'AHS Properties', 'https://ahs-properties.com'),
       ('orra', 'Orra Developers', 'https://orra.ae'),
       ('rak', 'RAK Properties', 'https://www.rakproperties.ae'),
       ('ays', 'AYS Developers', 'https://www.aysdevelopers.com'),
       ('ag-properties', 'AG Properties', 'https://agproperty.ae'),
       ('five holdings', 'Five Holdings Properties', 'https://www.fiveglobalholdings.com'),
       ('deyaar', 'Deyaar', 'https://www.deyaar.ae'),
       ('durar', 'Durar Group', 'http://durargroup.com'),
       ('gj', 'GJ Properties', 'https://gjproperties.ae'),
       ('revi', 'Revi Realty', 'https://revirealty.com'),
       ('prestige-one', 'Prestige One Developments', 'https://prestigeonedevelopments.com'),
       ('meydan', 'Meydan', 'http://meydan.ae'),
       ('object-1', 'Object 1', 'https://www.object-1.com/ru/homepage/'),
       ('condor', 'Condor Group', 'https://thecondorgroup.com'),
       ('ghd', 'GHD Developments', 'https://ghddevelopments.com'),
       ('me-do-re', 'Me Do Re Properties DMCC', 'https://www.medore.ae'),
       ('segrex', 'Segrex Development', 'https://www.segrexdevelopment.com'),
       ('leos', 'Leos', 'https://leosdevelopments.com/leos-dubai-expansion/'),
       ('ginco', 'Ginco Properties', 'https://gincoproperties.ae'),
       ('majid-al-futtaim', 'Majid Al Futtaim', 'https://www.majidalfuttaim.com/#Home'),
       ('wow-red', 'WOW RED', 'https://wowdubai.ae'),
       ('nine-yards ', 'Nine Yards Real Estate Development', 'https://www.nineyards.ae'),
       ('reportage', 'Reportage Properties', 'https://reportageuae.com'),
       ('national', 'National Properties', 'http://www.nationalproperties.ae'),
       ('wasl', 'Wasl', 'https://www.waslproperties.com/en'),
       ('devmark', 'Devmark', 'http://www.thedevmarkgroup.com'),
       ('naseeb', 'Naseeb Group', 'https://naseebgroup.com'),
       ('town-x', 'TownX', 'https://townx.com'),
       ('taraf', 'Taraf Holding', 'https://tarafholding.com'),
       ('fortune 5', 'Fortune 5', 'https://fortune5.com'),
       ('nshama', 'Nshama Group', 'https://nshama.ae'),
       ('meteora', 'Meteora Developers', 'https://www.meteoradevelopers.com'),
       ('liv', 'LIV', 'https://www.livuae.com'),
       ('one-zaabeel', 'One Zaabeel', 'https://onezaabeel.com'),
       ('iman', 'Iman Developers', 'https://www.imandevelopers.com'),
       ('dar', 'Dar Global', 'https://darglobal.co.uk'),
       ('rsg', 'RSG Group', 'https://rsg.group'),
       ('signature', 'Signature Developers', 'https://signaturedevelopers.ae'),
       ('kappa-acca', 'Kappa Acca Real Estate Development', 'https://kappaacca.ae'),
       ('swiss', 'Swiss Property', 'https://www.swissproperty.ae'),
       ('omniyat', 'OMNIYAT', 'https://www.omniyat.com');

insert into public.complexes (id, district_slug, developer_slug, name, description, w3w, coordinates, completed_at, status, is_furnished)
values ('b269e7fb-59cd-42b7-97c9-d3352f8e146c', 'a.abu-dhabi', 'q-properties', 'Reem Hills Apartments', '<p></p>', '///indicate.bumping.fruity', '(24.489504,54.422142)', 'Q3 2026', 'Presale', false);

insert into public.buildings (id, complex_id, name, type, floors_basement, floors_common, floors_ground, floors_parking, floors_roof)
values ('65c4f73b-0677-4cac-9812-b175b0abcbfe', 'b269e7fb-59cd-42b7-97c9-d3352f8e146c', 'Building 6', 'apartments', 0, 13, 1, 0, 0),
       ('be40d921-4375-431d-865c-22f351eb1677', 'b269e7fb-59cd-42b7-97c9-d3352f8e146c', 'Building 5', 'apartments', 0, 13, 1, 0, 0),
       ('222d71e3-2f4b-4025-a4f5-63c2df73ed7f', 'b269e7fb-59cd-42b7-97c9-d3352f8e146c', 'Building 1', 'apartments', 0, 13, 1, 0, 0),
       ('c0f994c1-4257-4c18-ac20-a5206f8cfb4d', 'b269e7fb-59cd-42b7-97c9-d3352f8e146c', 'Building 3', 'apartments', 0, 1, 1, 0, 0),
       ('d1c8a7d6-7d92-472a-9bef-12ae25165798', 'b269e7fb-59cd-42b7-97c9-d3352f8e146c', 'Building 2', 'apartments', 0, 13, 1, 0, 0),
       ('1b2bff1d-af6c-46e4-85a3-01368121cdfb', 'b269e7fb-59cd-42b7-97c9-d3352f8e146c', 'Building 4', 'apartments', 0, 13, 1, 0, 0);

insert into public.units (building_id, type, bedrooms, area, price, floor, number)
values ('222d71e3-2f4b-4025-a4f5-63c2df73ed7f', 'apartments', '1 bed', 1198, 1.00, 1, 1),
       ('222d71e3-2f4b-4025-a4f5-63c2df73ed7f', 'apartments', '2 bed', 1751, 1500000.00, 1, 2),
       ('222d71e3-2f4b-4025-a4f5-63c2df73ed7f', 'apartments', '1 bed', 786, 1000000.00, 1, 3),
       ('222d71e3-2f4b-4025-a4f5-63c2df73ed7f', 'apartments', '2 bed', 1835, 1.00, 2, 7),
       ('222d71e3-2f4b-4025-a4f5-63c2df73ed7f', 'apartments', '3 bed', 2336, 1800000.00, 3, 9),
       ('222d71e3-2f4b-4025-a4f5-63c2df73ed7f', 'apartments', '3 bed', 2704, 1.00, 3, 10),
       -- Building 2
       ('d1c8a7d6-7d92-472a-9bef-12ae25165798', 'apartments', '3 bed', 2336, 1800000.00, 6, 8),
       ('d1c8a7d6-7d92-472a-9bef-12ae25165798', 'apartments', '1 bed', 1198, 1.00, 6, 13),
       ('d1c8a7d6-7d92-472a-9bef-12ae25165798', 'apartments', '2 bed', 1835, 1.00, 6, 14),
       ('d1c8a7d6-7d92-472a-9bef-12ae25165798', 'apartments', '3 bed', 2704, 1.00, 6, 15),
       ('d1c8a7d6-7d92-472a-9bef-12ae25165798', 'apartments', '1 bed', 786, 1000000.00, 6, 16),
       ('d1c8a7d6-7d92-472a-9bef-12ae25165798', 'apartments', '2 bed', 1751, 1500000.00, 8, 24),
       -- Building 3
       ('c0f994c1-4257-4c18-ac20-a5206f8cfb4d', 'apartments', '2 bed', 1835, 1.00, null, null),
       ('c0f994c1-4257-4c18-ac20-a5206f8cfb4d', 'apartments', '3 bed', 2704, 1.00, null, null),
       ('c0f994c1-4257-4c18-ac20-a5206f8cfb4d', 'apartments', '1 bed', 1198, 1.00, null, null),
       ('c0f994c1-4257-4c18-ac20-a5206f8cfb4d', 'apartments', '2 bed', 1751, 1500000.00, null, null),
       ('c0f994c1-4257-4c18-ac20-a5206f8cfb4d', 'apartments', '3 bed', 2336, 1800000.00, null, null),
       ('c0f994c1-4257-4c18-ac20-a5206f8cfb4d', 'apartments', '1 bed', 786, 1000000.00, null, null),
       -- Building 4
       ('1b2bff1d-af6c-46e4-85a3-01368121cdfb', 'apartments', '3 bed', 2704, 1.00, null, null),
       ('1b2bff1d-af6c-46e4-85a3-01368121cdfb', 'apartments', '1 bed', 786, 1000000.00, null, null),
       ('1b2bff1d-af6c-46e4-85a3-01368121cdfb', 'apartments', '1 bed', 1198, 1.00, null, null),
       ('1b2bff1d-af6c-46e4-85a3-01368121cdfb', 'apartments', '2 bed', 1751, 1500000.00, null, null),
       ('1b2bff1d-af6c-46e4-85a3-01368121cdfb', 'apartments', '3 bed', 2336, 1800000.00, null, null),
       ('1b2bff1d-af6c-46e4-85a3-01368121cdfb', 'apartments', '2 bed', 1835, 1.00, null, null),
       -- Building 5
       ('be40d921-4375-431d-865c-22f351eb1677', 'apartments', '1 bed', 1198, 1.00, null, null),
       ('be40d921-4375-431d-865c-22f351eb1677', 'apartments', '2 bed', 1751, 1500000.00, null, null),
       ('be40d921-4375-431d-865c-22f351eb1677', 'apartments', '2 bed', 1835, 1.00, null, null),
       ('be40d921-4375-431d-865c-22f351eb1677', 'apartments', '3 bed', 2704, 1.00, null, null),
       ('be40d921-4375-431d-865c-22f351eb1677', 'apartments', '1 bed', 786, 1000000.00, null, null),
       ('be40d921-4375-431d-865c-22f351eb1677', 'apartments', '3 bed', 2336, 1800000.00, null, null),
       -- Building 6
       ('65c4f73b-0677-4cac-9812-b175b0abcbfe', 'apartments', '1 bed', 786, 1000000.00, null, null),
       ('65c4f73b-0677-4cac-9812-b175b0abcbfe', 'apartments', '1 bed', 1198, 1.00, null, null),
       ('65c4f73b-0677-4cac-9812-b175b0abcbfe', 'apartments', '2 bed', 1751, 1500000.00, null, null),
       ('65c4f73b-0677-4cac-9812-b175b0abcbfe', 'apartments', '3 bed', 2336, 1800000.00, null, null),
       ('65c4f73b-0677-4cac-9812-b175b0abcbfe', 'apartments', '3 bed', 2704, 1.00, null, null),
       ('65c4f73b-0677-4cac-9812-b175b0abcbfe', 'apartments', '2 bed', 1835, 1.00, null, null);
